{
"width":1056.000000,
"depth":1056.000000,
"height":16.000000
}