{
"width":288.000000,
"depth":288.000000,
"height":16.000000
}