{
"density":20.000000,
"width":2.000000,
"depth":2.000000,
"height":2.000000,
"center":{"x":0.000000,"y":1.000000,"z":0.000000}
}